{"profileId":"jim","attributeId":"totalTimesUserLikedInsightWithKeyword","value": {"keyword":"hiring","total":2}}
{"profileId":"jim","attributeId":"totalTimesUserLikedInsightWithKeyword","value": {"keyword":"invests","total":9}}
{"profileId":"jim","attributeId":"totalTimesUserLikedInsightWithKeyword","value": {"keyword":"deficits","total":5}}
{"profileId":"jim","attributeId":"totalTimesUserLikedInsightWithKeyword","value": {"keyword":"compensation","total":4}}
{"profileId":"jim","attributeId":"totalTimesUserLikedInsightWithKeyword","value": {"keyword":"discovery","total":5}}
{"profileId":"jim","attributeId":"totalTimesUserLikedInsightWithKeyword","value": {"keyword":"claims","total":7}}
{"profileId":"jim","attributeId":"totalTimesUserLikedInsightWithKeyword","value": {"keyword":"chief","total":12}}
{"profileId":"jim","attributeId":"totalTimesUserLikedInsightWithKeyword","value": {"keyword":"chair","total":7}}
{"profileId":"jim","attributeId":"totalTimesUserLikedInsightWithKeyword","value": {"keyword":"budget","total":12}}
{"profileId":"jim","attributeId":"totalTimesUserLikedInsightWithKeyword","value": {"keyword":"carmaker","total":8}}
{"profileId":"jim","attributeId":"totalTimesUserLikedInsightWithKeyword","value": {"keyword":"payments","total":2}}
{"profileId":"jim","attributeId":"totalTimesUserLikedInsightWithKeyword","value": {"keyword":"germany","total":5}}
{"profileId":"jim","attributeId":"totalTimesUserLikedInsightWithKeyword","value": {"keyword":"apple","total":8}}
{"profileId":"jim","attributeId":"totalTimesUserLikedInsightWithKeyword","value": {"keyword":"adviser","total":11}}
{"profileId":"jim","attributeId":"totalTimesUserLikedInsightWithKeyword","value": {"keyword":"specialty","total":4}}
{"profileId":"jim","attributeId":"totalTimesUserLikedInsightWithKeyword","value": {"keyword":"economic","total":12}}
{"profileId":"jim","attributeId":"totalTimesUserLikedInsightWithKeyword","value": {"keyword":"entitlement","total":17}}
{"profileId":"jim","attributeId":"totalTimesUserLikedInsightWithKeyword","value": {"keyword":"global","total":8}}
{"profileId":"jim","attributeId":"totalTimesUserLikedInsightWithKeyword","value": {"keyword":"internal","total":6}}
{"profileId":"jim","attributeId":"totalTimesUserLikedInsightWithKeyword","value": {"keyword":"electric","total":4}}
{"profileId":"jim","attributeId":"totalTimesUserLikedInsightWithKeyword","value": {"keyword":"chinese","total":3}}
{"profileId":"jim","attributeId":"totalTimesUserLikedInsightWithKeyword","value": {"keyword":"reputation","total":14}}
{"profileId":"jim","attributeId":"totalTimesUserLikedInsightWithKeyword","value": {"keyword":"fox","total":1}}
{"profileId":"jim","attributeId":"totalTimesUserLikedInsightWithKeyword","value": {"keyword":"vehicle","total":8}}
{"profileId":"jim","attributeId":"totalTimesUserLikedInsightWithKeyword","value": {"keyword":"business","total":13}}
{"profileId":"jim","attributeId":"totalTimesUserLikedInsightWithKeyword","value": {"keyword":"company","total":6}}
{"profileId":"jim","attributeId":"totalTimesUserLikedInsightWithKeyword","value": {"keyword":"growth","total":8}}
{"profileId":"jim","attributeId":"totalTimesUserLikedInsightWithKeyword","value": {"keyword":"investigation","total":6}}
{"profileId":"jim","attributeId":"totalTimesUserLikedInsightWithKeyword","value": {"keyword":"lawsuit","total":13}}
{"profileId":"jim","attributeId":"totalTimesUserLikedInsightWithKeyword","value": {"keyword":"production","total":12}}
{"profileId":"jim","attributeId":"totalTimesUserLikedInsightWithKeyword","value": {"keyword":"shareholders","total":8}}
{"profileId":"jim","attributeId":"totalTimesUserLikedInsightWithKeyword","value": {"keyword":"technology","total":7}}
{"profileId":"jim","attributeId":"totalTimesUserLikedInsightWithKeyword","value": {"keyword":"trade","total":9}}
{"profileId":"jim","attributeId":"totalTimesUserLikedInsightWithKeyword","value": {"keyword":"compensation","total":14}}
{"profileId":"jim","attributeId":"totalTimesUserLikedInsightWithKeyword","value": {"keyword":"amazon","total":11}}
{"profileId":"jim","attributeId":"totalTimesUserLikedInsightWithKeyword","value": {"keyword":"allegation","total":8}}
{"profileId":"jim","attributeId":"totalTimesUserLikedInsightWithKeyword","value": {"keyword":"entitlement","total":9}}
{"profileId":"jim","attributeId":"totalTimesUserLikedInsightWithKeyword","value": {"keyword":"hearings","total":6}}
{"profileId":"jim","attributeId":"totalTimesUserLikedInsightWithKeyword","value": {"keyword":"payments","total":16}}
{"profileId":"jim","attributeId":"totalTimesUserLikedInsightWithKeyword","value": {"keyword":"qualcomm","total":12}}
{"profileId":"jim","attributeId":"totalTimesUserLikedInsightWithKeyword","value": {"keyword":"reviews","total":13}}
{"profileId":"jim","attributeId":"totalTimesUserLikedInsightWithKeyword","value": {"keyword":"reputation","total":8}}
{"profileId":"jim","attributeId":"totalTimesUserLikedInsightWithKeyword","value": {"keyword":"specialty","total":6}}
{"profileId":"jim","attributeId":"totalTimesUserLikedInsightWithKeyword","value": {"keyword":"vehicle","total":7}}
