{"profileId":"tom","attributeId":"totalTimesUserLikedInsightWithKeyword","value": {"keyword":"microsoft","total":6}}
{"profileId":"tom","attributeId":"totalTimesUserLikedInsightWithKeyword","value": {"keyword":"musk","total":8}}
{"profileId":"tom","attributeId":"totalTimesUserLikedInsightWithKeyword","value": {"keyword":"iphone","total":20}}
{"profileId":"tom","attributeId":"totalTimesUserLikedInsightWithKeyword","value": {"keyword":"airpods","total":10}}
{"profileId":"tom","attributeId":"totalTimesUserLikedInsightWithKeyword","value": {"keyword":"apple","total":35}}
{"profileId":"tom","attributeId":"totalTimesUserLikedInsightWithKeyword","value": {"keyword":"buy","total":4}}
{"profileId":"tom","attributeId":"totalTimesUserLikedInsightWithKeyword","value": {"keyword":"cars","total":30}}
{"profileId":"tom","attributeId":"totalTimesUserLikedInsightWithKeyword","value": {"keyword":"electric","total":4}}
{"profileId":"tom","attributeId":"totalTimesUserLikedInsightWithKeyword","value": {"keyword":"volkswagen","total":20}}
{"profileId":"tom","attributeId":"totalTimesUserLikedInsightWithKeyword","value": {"keyword":"german","total":10}}
{"profileId":"tom","attributeId":"totalTimesUserLikedInsightWithKeyword","value": {"keyword":"uber","total":14}}
{"profileId":"tom","attributeId":"totalTimesUserLikedInsightWithKeyword","value": {"keyword":"tmobile","total":8}}
{"profileId":"tom","attributeId":"totalTimesUserLikedInsightWithKeyword","value": {"keyword":"tesla","total":23}}
{"profileId":"tom","attributeId":"totalTimesUserLikedInsightWithKeyword","value": {"keyword":"sprint","total":8}}
{"profileId":"tom","attributeId":"totalTimesUserLikedInsightWithKeyword","value": {"keyword":"targets","total":1}}
{"profileId":"tom","attributeId":"totalTimesUserLikedInsightWithKeyword","value": {"keyword":"state","total":2}}
{"profileId":"tom","attributeId":"totalTimesUserLikedInsightWithKeyword","value": {"keyword":"spare","total":9}}
{"profileId":"tom","attributeId":"totalTimesUserLikedInsightWithKeyword","value": {"keyword":"motors","total":21}}
{"profileId":"tom","attributeId":"totalTimesUserLikedInsightWithKeyword","value": {"keyword":"settle","total":1}}
{"profileId":"tom","attributeId":"totalTimesUserLikedInsightWithKeyword","value": {"keyword":"security","total":5}}
{"profileId":"tom","attributeId":"totalTimesUserLikedInsightWithKeyword","value": {"keyword":"separate","total":1}}
{"profileId":"tom","attributeId":"totalTimesUserLikedInsightWithKeyword","value": {"keyword":"online","total":25}}
{"profileId":"tom","attributeId":"totalTimesUserLikedInsightWithKeyword","value": {"keyword":"model","total":23}}
{"profileId":"tom","attributeId":"totalTimesUserLikedInsightWithKeyword","value": {"keyword":"fintech","total":5}}
{"profileId":"tom","attributeId":"totalTimesUserLikedInsightWithKeyword","value": {"keyword":"european","total":17}}
{"profileId":"tom","attributeId":"totalTimesUserLikedInsightWithKeyword","value": {"keyword":"carmaker","total":23}}
{"profileId":"tom","attributeId":"totalTimesUserLikedInsightWithKeyword","value": {"keyword":"car","total":2}}
{"profileId":"tom","attributeId":"totalTimesUserLikedInsightWithKeyword","value": {"keyword":"employees","total":15}}
{"profileId":"tom","attributeId":"totalTimesUserLikedInsightWithKeyword","value": {"keyword":"financial","total":4}}
{"profileId":"tom","attributeId":"totalTimesUserLikedInsightWithKeyword","value": {"keyword":"github","total":32}}
{"profileId":"tom","attributeId":"totalTimesUserLikedInsightWithKeyword","value": {"keyword":"import","total":1}}
{"profileId":"tom","attributeId":"totalTimesUserLikedInsightWithKeyword","value": {"keyword":"indonesia","total":1}}
{"profileId":"tom","attributeId":"totalTimesUserLikedInsightWithKeyword","value": {"keyword":"motors","total":7}}
{"profileId":"tom","attributeId":"totalTimesUserLikedInsightWithKeyword","value": {"keyword":"project","total":3}}
{"profileId":"tom","attributeId":"totalTimesUserLikedInsightWithKeyword","value": {"keyword":"qualcomm","total":7}}
{"profileId":"tom","attributeId":"totalTimesUserLikedInsightWithKeyword","value": {"keyword":"twitter","total":25}}
{"profileId":"tom","attributeId":"totalTimesUserLikedInsightWithKeyword","value": {"keyword":"model","total":23}}
{"profileId":"tom","attributeId":"totalTimesUserLikedInsightWithKeyword","value": {"keyword":"united","total":5}}
{"profileId":"tom","attributeId":"totalTimesUserLikedInsightWithKeyword","value": {"keyword":"version","total":17}}
{"profileId":"tom","attributeId":"totalTimesUserLikedInsightWithKeyword","value": {"keyword":"users","total":13}}
{"profileId":"tom","attributeId":"totalTimesUserLikedInsightWithKeyword","value": {"keyword":"total","total":2}}
{"profileId":"tom","attributeId":"totalTimesUserLikedInsightWithKeyword","value": {"keyword":"talks","total":4}}
{"profileId":"tom","attributeId":"totalTimesUserLikedInsightWithKeyword","value": {"keyword":"softbank","total":3}}
{"profileId":"tom","attributeId":"totalTimesUserLikedInsightWithKeyword","value": {"keyword":"saudi","total":6}}