{"insightId": "aHR0cHMvd3d3LnJldXRlcnMuY29tL2FydGljbGUvdXMtY29jYS1jb2xhLWpvaW50dmVudHVyZS1hdXJvcmEtY2FubmFiaS9jb2tlLWV5ZXMtY2FubmFiaXMtaW5mdXNlZC1kcmluay1tYXJrZXQtaWRVU0tDTjFMWDE3Sw==", "profileId": "jim" , "dateGenerated": "2018-09-19T18:31:19+00:00", "feedbackEvent": "InsightLiked"}
{"insightId": "aHR0cHMvd3d3LnJldXRlcnMuY29tL2FydGljbGUvdXMtYXBwbGUtdGFyaWZmcy91LXMtdG8tc3BhcmUtc29tZS1hcHBsZS1wcm9kdWN0cy1mcm9tLWxhdGVzdC1jaGluYS10YXJpZmZzLWJsb29tYmVyZy1pZFVTS0NOMUxYMjdX", "profileId": "tom" , "dateGenerated": "2018-09-19T18:27:56+00:00" , "feedbackEvent": "InsightLiked"}