{"insightId": "aHR0cHMvd3d3LnJldXRlcnMuY29tL2FydGljbGUvdXMtY29jYS1jb2xhLWpvaW50dmVudHVyZS1hdXJvcmEtY2FubmFiaS9jb2tlLWV5ZXMtY2FubmFiaXMtaW5mdXNlZC1kcmluay1tYXJrZXQtaWRVU0tDTjFMWDE3Sw==", "profileId": "jim" , "datePresented": "2018-09-18T12:30:19+00:00", "dateGenerated": "2018-09-17T18:31:19+00:00", "content": {"url":"https://www.reuters.com/article/us-coca-cola-jointventure-aurora-cannabi/coke-eyes-cannabis-infused-drink-market-idUSKCN1LX17K?feedType=RSS&amp;feedName=businessNews","article_id":"aHR0cHMvd3d3LnJldXRlcnMuY29tL2FydGljbGUvdXMtY29jYS1jb2xhLWpvaW50dmVudHVyZS1hdXJvcmEtY2FubmFiaS9jb2tlLWV5ZXMtY2FubmFiaXMtaW5mdXNlZC1kcmluay1tYXJrZXQtaWRVU0tDTjFMWDE3Sw==","keywords":["drink","marijuana","maker","develop","coke","product","market","cannabis","canadian","cannabisinfused","beverages","shares","eyes"],"publish_date":"2018-09-17T18:30:19+00:00"}}
{"insightId": "aHR0cHMvd3d3LnJldXRlcnMuY29tL2FydGljbGUvdXMtYXBwbGUtdGFyaWZmcy91LXMtdG8tc3BhcmUtc29tZS1hcHBsZS1wcm9kdWN0cy1mcm9tLWxhdGVzdC1jaGluYS10YXJpZmZzLWJsb29tYmVyZy1pZFVTS0NOMUxYMjdX", "profileId": "tom" , "datePresented": "2018-09-18T12:26:56+00:00" , "dateGenerated": "2018-09-17T18:27:56+00:00" , "content": {"url":"https://www.reuters.com/article/us-apple-tariffs/u-s-to-spare-some-apple-products-from-latest-china-tariffs-bloomberg-idUSKCN1LX27W?feedType=RSS&amp;feedName=technologyNews","article_id":"aHR0cHMvd3d3LnJldXRlcnMuY29tL2FydGljbGUvdXMtYXBwbGUtdGFyaWZmcy91LXMtdG8tc3BhcmUtc29tZS1hcHBsZS1wcm9kdWN0cy1mcm9tLWxhdGVzdC1jaGluYS10YXJpZmZzLWJsb29tYmVyZy1pZFVTS0NOMUxYMjdX","keywords":["tariffs","united","spare","airpods","watch","states","latest","worth","bloomberg","apple","goods","chinese","white","china","products"],"publish_date":"2018-09-17T18:26:56+00:00"}}