{"url":"https://www.reuters.com/article/us-coca-cola-jointventure-aurora-cannabi/coke-eyes-cannabis-infused-drink-market-idUSKCN1LX17K?feedType=RSS&amp;feedName=businessNews","article_id":"aHR0cHMvd3d3LnJldXRlcnMuY29tL2FydGljbGUvdXMtY29jYS1jb2xhLWpvaW50dmVudHVyZS1hdXJvcmEtY2FubmFiaS9jb2tlLWV5ZXMtY2FubmFiaXMtaW5mdXNlZC1kcmluay1tYXJrZXQtaWRVU0tDTjFMWDE3Sw==","keywords":["drink","marijuana","maker","develop","coke","product","market","cannabis","canadian","cannabisinfused","beverages","shares","eyes"],"publish_date":"2018-09-17T18:30:19+00:00"}
{"url":"https://www.reuters.com/article/us-apple-tariffs/u-s-to-spare-some-apple-products-from-latest-china-tariffs-bloomberg-idUSKCN1LX27W?feedType=RSS&amp;feedName=businessNews","article_id":"aHR0cHMvd3d3LnJldXRlcnMuY29tL2FydGljbGUvdXMtYXBwbGUtdGFyaWZmcy91LXMtdG8tc3BhcmUtc29tZS1hcHBsZS1wcm9kdWN0cy1mcm9tLWxhdGVzdC1jaGluYS10YXJpZmZzLWJsb29tYmVyZy1pZFVTS0NOMUxYMjdX","keywords":["states","airpods","chinese","white","bloomberg","united","watch","worth","china","latest","tariffs","goods","spare","products","apple"],"publish_date":"2018-09-17T18:26:56+00:00"}
{"url":"https://www.reuters.com/article/us-usa-economy/trump-adviser-eyes-entitlement-cuts-to-plug-u-s-budget-gaps-idUSKCN1LX254?feedType=RSS&amp;feedName=businessNews","article_id":"aHR0cHMvd3d3LnJldXRlcnMuY29tL2FydGljbGUvdXMtdXNhLWVjb25vbXkvdHJ1bXAtYWR2aXNlci1leWVzLWVudGl0bGVtZW50LWN1dHMtdG8tcGx1Zy11LXMtYnVkZ2V0LWdhcHMtaWRVU0tDTjFMWDI1NA==","keywords":["spending","economic","adviser","growth","cuts","plug","tax","gaps","entitlement","budget","york","trump","deficits","kudlow","eyes"],"publish_date":"2018-09-17T18:37:07+00:00"}
{"url":"https://www.reuters.com/article/us-goldman-sachs-moves-tim-o-neill/goldman-names-tim-oneill-as-vice-chairman-memo-idUSKCN1LX265?feedType=RSS&amp;feedName=businessNews","article_id":"aHR0cHMvd3d3LnJldXRlcnMuY29tL2FydGljbGUvdXMtZ29sZG1hbi1zYWNocy1tb3Zlcy10aW0tby1uZWlsbC9nb2xkbWFuLW5hbWVzLXRpbS1vbmVpbGwtYXMtdmljZS1jaGFpcm1hbi1tZW1vLWlkVVNLQ04xTFgyNjU=","keywords":["goldman","named","chief","names","officer","memo","seen","oneill","york","joined","tim","vicechairman","sachs"],"publish_date":"2018-09-17T17:50:39+00:00"}
{"url":"https://www.reuters.com/article/us-volkswagen-emissions-trial/hearings-in-volkswagen-investor-lawsuit-on-hold-until-end-november-idUSKCN1LX25T?feedType=RSS&amp;feedName=businessNews","article_id":"aHR0cHMvd3d3LnJldXRlcnMuY29tL2FydGljbGUvdXMtdm9sa3N3YWdlbi1lbWlzc2lvbnMtdHJpYWwvaGVhcmluZ3MtaW4tdm9sa3N3YWdlbi1pbnZlc3Rvci1sYXdzdWl0LW9uLWhvbGQtdW50aWwtZW5kLW5vdmVtYmVyLWlkVVNLQ04xTFgyNVQ=","keywords":["investor","judge","vw","endnovember","lawsuit","hearings","hold","billion","far","germany","scandal","compensation","volkswagen","court","euros"],"publish_date":"2018-09-17T17:44:04+00:00"}
{"url":"https://www.reuters.com/article/us-apple-qualcomm-itc/qualcomm-apple-kick-off-second-trial-seeking-iphone-import-ban-idUSKCN1LX258?feedType=RSS&amp;feedName=businessNews","article_id":"aHR0cHMvd3d3LnJldXRlcnMuY29tL2FydGljbGUvdXMtYXBwbGUtcXVhbGNvbW0taXRjL3F1YWxjb21tLWFwcGxlLWtpY2stb2ZmLXNlY29uZC10cmlhbC1zZWVraW5nLWlwaG9uZS1pbXBvcnQtYmFuLWlkVVNLQ04xTFgyNTg=","keywords":["trial","patents","itc","import","ban","iphone","chips","trade","apple","seeking","staff","qualcomm","second","patent","kick"],"publish_date":"2018-09-17T17:34:02+00:00"}
{"url":"https://www.reuters.com/article/us-usa-trade-china/china-paper-warns-it-wont-play-defense-on-trade-as-trump-lauds-tariffs-idUSKCN1LX082?feedType=RSS&amp;feedName=businessNews","article_id":"aHR0cHMvd3d3LnJldXRlcnMuY29tL2FydGljbGUvdXMtdXNhLXRyYWRlLWNoaW5hL2NoaW5hLXBhcGVyLXdhcm5zLWl0LXdvbnQtcGxheS1kZWZlbnNlLW9uLXRyYWRlLWFzLXRydW1wLWxhdWRzLXRhcmlmZnMtaWRVU0tDTjFMWDA4Mg==","keywords":["states","chinese","play","goods","talks","wont","united","warns","defense","china","beijing","tariffs","trade","lauds","trump","paper"],"publish_date":"2018-09-17T17:28:22+00:00"}
{"url":"https://www.reuters.com/article/us-usa-trade-china-kudlow/trump-economic-adviser-says-u-s-wants-serious-trade-talks-with-china-idUSKCN1LX22Y?feedType=RSS&amp;feedName=businessNews","article_id":"aHR0cHMvd3d3LnJldXRlcnMuY29tL2FydGljbGUvdXMtdXNhLXRyYWRlLWNoaW5hLWt1ZGxvdy90cnVtcC1lY29ub21pYy1hZHZpc2VyLXNheXMtdS1zLXdhbnRzLXNlcmlvdXMtdHJhZGUtdGFsa3Mtd2l0aC1jaGluYS1pZFVTS0NOMUxYMjJZ","keywords":["economic","adviser","chinese","talks","white","ready","serious","wants","china","york","trade","trump","tariffs","kudlow","products"],"publish_date":"2018-09-17T17:28:22+00:00"}
{"url":"https://www.reuters.com/article/us-global-oil/oil-dips-as-sino-u-s-trade-tensions-deepen-new-tariffs-due-idUSKCN1LX01V?feedType=RSS&amp;feedName=businessNews","article_id":"aHR0cHMvd3d3LnJldXRlcnMuY29tL2FydGljbGUvdXMtZ2xvYmFsLW9pbC9vaWwtZGlwcy1hcy1zaW5vLXUtcy10cmFkZS10ZW5zaW9ucy1kZWVwZW4tbmV3LXRhcmlmZnMtZHVlLWlkVVNLQ04xTFgwMVY=","keywords":["oil","sinous","supply","told","dips","futures","billion","sanctions","exports","trump","tariffs","trade","tensions","crude","deepen"],"publish_date":"2018-09-17T17:28:16+00:00"}
{"url":"https://www.reuters.com/article/us-usa-stocks/apple-amazon-lead-wall-street-lower-as-tariffs-loom-idUSKCN1LX17O?feedType=RSS&amp;feedName=businessNews","article_id":"aHR0cHMvd3d3LnJldXRlcnMuY29tL2FydGljbGUvdXMtdXNhLXN0b2Nrcy9hcHBsZS1hbWF6b24tbGVhZC13YWxsLXN0cmVldC1sb3dlci1hcy10YXJpZmZzLWxvb20taWRVU0tDTjFMWDE3Tw==","keywords":["500","index","lead","fell","sector","technology","points","sp","amazon","loom","wall","tariffs","nasdaq","lower","street","products","apple"],"publish_date":"2018-09-17T17:20:43+00:00"}
{"url":"https://www.reuters.com/article/us-novartis-ethics/novartis-links-bonuses-to-ethics-in-bid-to-rebuild-reputation-idUSKCN1LX23B?feedType=RSS&amp;feedName=businessNews","article_id":"aHR0cHMvd3d3LnJldXRlcnMuY29tL2FydGljbGUvdXMtbm92YXJ0aXMtZXRoaWNzL25vdmFydGlzLWxpbmtzLWJvbnVzZXMtdG8tZXRoaWNzLWluLWJpZC10by1yZWJ1aWxkLXJlcHV0YXRpb24taWRVU0tDTjFMWDIzQg==","keywords":["novartis","company","companys","links","weve","values","bonuses","bid","cohen","reputation","china","swiss","ethics","behavior","rebuild"],"publish_date":"2018-09-17T17:19:45+00:00"}
{"url":"https://www.reuters.com/article/us-sky-plc-m-a-fox/fox-says-sky-shareholders-have-until-october-6-to-accept-offer-idUSKCN1LX24F?feedType=RSS&amp;feedName=businessNews","article_id":"aHR0cHMvd3d3LnJldXRlcnMuY29tL2FydGljbGUvdXMtc2t5LXBsYy1tLWEtZm94L2ZveC1zYXlzLXNreS1zaGFyZWhvbGRlcnMtaGF2ZS11bnRpbC1vY3RvYmVyLTYtdG8tYWNjZXB0LW9mZmVyLWlkVVNLQ04xTFgyNEY=","keywords":["received","share","shareholders","sky","pounds","twentyfirst","fox","shares","acceptances","representing","remain","accept","offer"],"publish_date":"2018-09-17T17:18:07+00:00"}
{"url":"https://www.reuters.com/article/us-ups-employment/ups-to-hire-100000-for-holiday-season-up-5-percent-from-last-year-idUSKCN1LX1QC?feedType=RSS&amp;feedName=businessNews","article_id":"aHR0cHMvd3d3LnJldXRlcnMuY29tL2FydGljbGUvdXMtdXBzLWVtcGxveW1lbnQvdXBzLXRvLWhpcmUtMTAwMDAwLWZvci1ob2xpZGF5LXNlYXNvbi11cC01LXBlcmNlbnQtZnJvbS1sYXN0LXllYXItaWRVU0tDTjFMWDFRQw==","keywords":["ups","100000","seasonal","plans","hire","hiring","holiday","workers","united","service","temporary","season","delivery"],"publish_date":"2018-09-17T17:06:27+00:00"}
{"url":"https://www.reuters.com/article/us-valueact-horizon-stake/activist-valueact-raises-stake-in-horizon-discovery-idUSKCN1LX1V9?feedType=RSS&amp;feedName=businessNews","article_id":"aHR0cHMvd3d3LnJldXRlcnMuY29tL2FydGljbGUvdXMtdmFsdWVhY3QtaG9yaXpvbi1zdGFrZS9hY3RpdmlzdC12YWx1ZWFjdC1yYWlzZXMtc3Rha2UtaW4taG9yaXpvbi1kaXNjb3ZlcnktaWRVU0tDTjFMWDFWOQ==","keywords":["activist","companys","horizon","million","raises","items","ebitda","stake","discovery","capital","valueact","statement","york"],"publish_date":"2018-09-17T17:01:35+00:00"}
{"url":"https://www.reuters.com/article/us-amazon-com-investigation/amazon-investigating-claims-of-employees-leaking-data-for-bribes-idUSKCN1LX1AU?feedType=RSS&amp;feedName=businessNews","article_id":"aHR0cHMvd3d3LnJldXRlcnMuY29tL2FydGljbGUvdXMtYW1hem9uLWNvbS1pbnZlc3RpZ2F0aW9uL2FtYXpvbi1pbnZlc3RpZ2F0aW5nLWNsYWltcy1vZi1lbXBsb3llZXMtbGVha2luZy1kYXRhLWZvci1icmliZXMtaWRVU0tDTjFMWDFBVQ==","keywords":["sales","leaking","bribes","investigating","data","suspected","service","violation","amazon","reviews","payments","report","claims","internal","employees"],"publish_date":"2018-09-17T16:31:58+00:00"}
{"url":"https://www.reuters.com/article/us-saudi-investment-auto/saudis-pif-invests-more-than-1-billion-in-electric-carmaker-lucid-motors-idUSKCN1LX1IG?feedType=RSS&amp;feedName=businessNews","article_id":"aHR0cHMvd3d3LnJldXRlcnMuY29tL2FydGljbGUvdXMtc2F1ZGktaW52ZXN0bWVudC1hdXRvL3NhdWRpcy1waWYtaW52ZXN0cy1tb3JlLXRoYW4tMS1iaWxsaW9uLWluLWVsZWN0cmljLWNhcm1ha2VyLWx1Y2lkLW1vdG9ycy1pZFVTS0NOMUxYMUlH","keywords":["lucid","vehicle","saudis","billion","technology","saudi","motors","invests","tesla","fund","carmaker","electric","pif"],"publish_date":"2018-09-17T16:28:04+00:00"}
{"url":"https://www.reuters.com/article/us-jd-com-ceo/jd-com-ceo-under-investigation-for-rape-allegation-skips-china-forum-idUSKCN1LX04G?feedType=RSS&amp;feedName=businessNews","article_id":"aHR0cHMvd3d3LnJldXRlcnMuY29tL2FydGljbGUvdXMtamQtY29tLWNlby9qZC1jb20tY2VvLXVuZGVyLWludmVzdGlnYXRpb24tZm9yLXJhcGUtYWxsZWdhdGlvbi1za2lwcy1jaGluYS1mb3J1bS1pZFVTS0NOMUxYMDRH","keywords":["richard","lawyers","ecommerce","ma","allegation","liu","forum","rape","ceo","china","shanghai","investigation","chinas","jdcom","skips"],"publish_date":"2018-09-17T16:26:43+00:00"}
{"url":"https://www.reuters.com/article/us-global-markets/new-u-s-tariff-threat-on-chinese-goods-hits-stocks-dollar-idUSKCN1LX00P?feedType=RSS&amp;feedName=businessNews","article_id":"aHR0cHMvd3d3LnJldXRlcnMuY29tL2FydGljbGUvdXMtZ2xvYmFsLW1hcmtldHMvbmV3LXUtcy10YXJpZmYtdGhyZWF0LW9uLWNoaW5lc2UtZ29vZHMtaGl0cy1zdG9ja3MtZG9sbGFyLWlkVVNLQ04xTFgwMFA=","keywords":["chinese","markets","fell","tariff","points","hits","global","dollar","york","tariffs","trade","rose","goods","stocks","threat","yields"],"publish_date":"2018-09-17T16:06:42+00:00"}
{"url":"https://www.reuters.com/article/us-tesla-musk/musk-says-tesla-now-in-delivery-logistics-hell-idUSKCN1LX054?feedType=RSS&amp;feedName=businessNews","article_id":"aHR0cHMvd3d3LnJldXRlcnMuY29tL2FydGljbGUvdXMtdGVzbGEtbXVzay9tdXNrLXNheXMtdGVzbGEtbm93LWluLWRlbGl2ZXJ5LWxvZ2lzdGljcy1oZWxsLWlkVVNLQ04xTFgwNTQ=","keywords":["production","targets","musk","response","motors","past","tesla","hell","ramp","shares","logistics","delivery"],"publish_date":"2018-09-17T15:24:40+00:00"}
{"url":"https://www.reuters.com/article/us-dowdupont-moves/dowdupont-ceo-breen-takes-executive-chair-role-in-new-dupont-idUSKCN1LX11H?feedType=RSS&amp;feedName=businessNews","article_id":"aHR0cHMvd3d3LnJldXRlcnMuY29tL2FydGljbGUvdXMtZG93ZHVwb250LW1vdmVzL2Rvd2R1cG9udC1jZW8tYnJlZW4tdGFrZXMtZXhlY3V0aXZlLWNoYWlyLXJvbGUtaW4tbmV3LWR1cG9udC1pZFVTS0NOMUxYMTFI","keywords":["chief","companys","chair","role","breen","officer","specialty","dupont","takes","operating","executive","dowdupont","ceo","materials","products","business"],"publish_date":"2018-09-17T14:42:04+00:00"}
{"url":"https://www.reuters.com/article/us-apple-tariffs/u-s-to-spare-some-apple-products-from-latest-china-tariffs-bloomberg-idUSKCN1LX27W?feedType=RSS&amp;feedName=technologyNews","article_id":"aHR0cHMvd3d3LnJldXRlcnMuY29tL2FydGljbGUvdXMtYXBwbGUtdGFyaWZmcy91LXMtdG8tc3BhcmUtc29tZS1hcHBsZS1wcm9kdWN0cy1mcm9tLWxhdGVzdC1jaGluYS10YXJpZmZzLWJsb29tYmVyZy1pZFVTS0NOMUxYMjdX","keywords":["tariffs","united","spare","airpods","watch","states","latest","worth","bloomberg","apple","goods","chinese","white","china","products"],"publish_date":"2018-09-17T18:26:56+00:00"}
{"url":"https://www.reuters.com/article/us-careem-m-a-uber/uber-in-talks-to-buy-dubai-ride-hailing-rival-careem-bloomberg-idUSKCN1LX1VD?feedType=RSS&amp;feedName=technologyNews","article_id":"aHR0cHMvd3d3LnJldXRlcnMuY29tL2FydGljbGUvdXMtY2FyZWVtLW0tYS11YmVyL3ViZXItaW4tdGFsa3MtdG8tYnV5LWR1YmFpLXJpZGUtaGFpbGluZy1yaXZhbC1jYXJlZW0tYmxvb21iZXJnLWlkVVNLQ04xTFgxVkQ=","keywords":["rival","services","billion","company","dubai","uber","softbank","ridehailing","bloomberg","talks","costly","careem","buy"],"publish_date":"2018-09-17T17:56:18+00:00"}
{"url":"https://www.reuters.com/article/us-apple-qualcomm-itc/qualcomm-apple-kick-off-second-trial-seeking-iphone-import-ban-idUSKCN1LX258?feedType=RSS&amp;feedName=technologyNews","article_id":"aHR0cHMvd3d3LnJldXRlcnMuY29tL2FydGljbGUvdXMtYXBwbGUtcXVhbGNvbW0taXRjL3F1YWxjb21tLWFwcGxlLWtpY2stb2ZmLXNlY29uZC10cmlhbC1zZWVraW5nLWlwaG9uZS1pbXBvcnQtYmFuLWlkVVNLQ04xTFgyNTg=","keywords":["qualcomm","trial","seeking","itc","patent","staff","patents","import","apple","second","trade","chips","iphone","ban","kick"],"publish_date":"2018-09-17T17:34:02+00:00"}
{"url":"https://www.reuters.com/article/us-amazon-com-investigation/amazon-investigating-claims-of-employees-leaking-data-for-bribes-idUSKCN1LX1AU?feedType=RSS&amp;feedName=technologyNews","article_id":"aHR0cHMvd3d3LnJldXRlcnMuY29tL2FydGljbGUvdXMtYW1hem9uLWNvbS1pbnZlc3RpZ2F0aW9uL2FtYXpvbi1pbnZlc3RpZ2F0aW5nLWNsYWltcy1vZi1lbXBsb3llZXMtbGVha2luZy1kYXRhLWZvci1icmliZXMtaWRVU0tDTjFMWDFBVQ==","keywords":["amazon","report","sales","employees","internal","service","claims","suspected","data","investigating","payments","reviews","bribes","leaking","violation"],"publish_date":"2018-09-17T16:31:58+00:00"}
{"url":"https://www.reuters.com/article/us-saudi-investment-auto/saudis-pif-invests-more-than-1-billion-in-electric-carmaker-lucid-motors-idUSKCN1LX1IG?feedType=RSS&amp;feedName=technologyNews","article_id":"aHR0cHMvd3d3LnJldXRlcnMuY29tL2FydGljbGUvdXMtc2F1ZGktaW52ZXN0bWVudC1hdXRvL3NhdWRpcy1waWYtaW52ZXN0cy1tb3JlLXRoYW4tMS1iaWxsaW9uLWluLWVsZWN0cmljLWNhcm1ha2VyLWx1Y2lkLW1vdG9ycy1pZFVTS0NOMUxYMUlH","keywords":["motors","technology","saudis","billion","pif","carmaker","saudi","electric","vehicle","invests","fund","lucid","tesla"],"publish_date":"2018-09-17T16:28:04+00:00"}
{"url":"https://www.reuters.com/article/us-tesla-musk/musk-says-tesla-now-in-delivery-logistics-hell-idUSKCN1LX054?feedType=RSS&amp;feedName=technologyNews","article_id":"aHR0cHMvd3d3LnJldXRlcnMuY29tL2FydGljbGUvdXMtdGVzbGEtbXVzay9tdXNrLXNheXMtdGVzbGEtbm93LWluLWRlbGl2ZXJ5LWxvZ2lzdGljcy1oZWxsLWlkVVNLQ04xTFgwNTQ=","keywords":["motors","response","musk","past","logistics","hell","delivery","ramp","targets","shares","production","tesla"],"publish_date":"2018-09-17T15:24:40+00:00"}
{"url":"https://www.reuters.com/article/us-bayer-currenta-exclusive/exclusive-bayer-puts-stake-in-chemical-park-operator-up-for-sale-sources-idUSKCN1LX1JI?feedType=RSS&amp;feedName=technologyNews","article_id":"aHR0cHMvd3d3LnJldXRlcnMuY29tL2FydGljbGUvdXMtYmF5ZXItY3VycmVudGEtZXhjbHVzaXZlL2V4Y2x1c2l2ZS1iYXllci1wdXRzLXN0YWtlLWluLWNoZW1pY2FsLXBhcmstb3BlcmF0b3ItdXAtZm9yLXNhbGUtc291cmNlcy1pZFVTS0NOMUxYMUpJ","keywords":["park","exclusive","operator","billion","puts","transparent","euros","plastics","sources","maker","covestro","stake","bayer","chemicals","sale","currenta","chemical"],"publish_date":"2018-09-17T13:57:34+00:00"}
{"url":"https://www.reuters.com/article/us-volkswagen-electric/volkswagen-group-plans-to-build-10-million-e-cars-in-first-wave-idUSKCN1LX1KZ?feedType=RSS&amp;feedName=technologyNews","article_id":"aHR0cHMvd3d3LnJldXRlcnMuY29tL2FydGljbGUvdXMtdm9sa3N3YWdlbi1lbGVjdHJpYy92b2xrc3dhZ2VuLWdyb3VwLXBsYW5zLXRvLWJ1aWxkLTEwLW1pbGxpb24tZS1jYXJzLWluLWZpcnN0LXdhdmUtaWRVU0tDTjFMWDFLWg==","keywords":["wave","cars","billion","vw","car","plans","ecars","electric","group","german","million","build","volkswagen","production"],"publish_date":"2018-09-17T13:45:06+00:00"}
{"url":"https://www.reuters.com/article/us-altaba-cyber-yahoo/altaba-settles-cases-related-to-2014-yahoo-breach-for-47-million-idUSKCN1LX1A9?feedType=RSS&amp;feedName=technologyNews","article_id":"aHR0cHMvd3d3LnJldXRlcnMuY29tL2FydGljbGUvdXMtYWx0YWJhLWN5YmVyLXlhaG9vL2FsdGFiYS1zZXR0bGVzLWNhc2VzLXJlbGF0ZWQtdG8tMjAxNC15YWhvby1icmVhY2gtZm9yLTQ3LW1pbGxpb24taWRVU0tDTjFMWDFBOQ==","keywords":["47","breach","share","total","using","team","stolen","softbank","sale","security","settle","settles","altaba","million","sept","cases","related"],"publish_date":"2018-09-17T11:56:49+00:00"}
{"url":"https://www.reuters.com/article/us-ukraine-crisis-vr/ukrainians-relive-bloodshed-of-kievs-maidan-in-virtual-reality-idUSKCN1LX148?feedType=RSS&amp;feedName=technologyNews","article_id":"aHR0cHMvd3d3LnJldXRlcnMuY29tL2FydGljbGUvdXMtdWtyYWluZS1jcmlzaXMtdnIvdWtyYWluaWFucy1yZWxpdmUtYmxvb2RzaGVkLW9mLWtpZXZzLW1haWRhbi1pbi12aXJ0dWFsLXJlYWxpdHktaWRVU0tDTjFMWDE0OA==","keywords":["protests","killed","maidan","dozens","viktor","ukrainians","relive","kievs","bloodshed","yanukovichs","reality","protesters","ukraine","virtual"],"publish_date":"2018-09-17T11:13:57+00:00"}
{"url":"https://www.reuters.com/article/us-github-m-a-microsoft-eu/eu-antitrust-ruling-on-microsoft-buy-of-github-due-by-october-19-idUSKCN1LX114?feedType=RSS&amp;feedName=technologyNews","article_id":"aHR0cHMvd3d3LnJldXRlcnMuY29tL2FydGljbGUvdXMtZ2l0aHViLW0tYS1taWNyb3NvZnQtZXUvZXUtYW50aXRydXN0LXJ1bGluZy1vbi1taWNyb3NvZnQtYnV5LW9mLWdpdGh1Yi1kdWUtYnktb2N0b2Jlci0xOS1pZFVTS0NOMUxYMTE0","keywords":["platform","york","website","open","antitrust","ruling","european","github","microsoft","largest","microsofts","19","eu","buy"],"publish_date":"2018-09-17T10:12:00+00:00"}
{"url":"https://www.reuters.com/article/us-gojek-funding/go-jek-aims-to-raise-2-billion-for-southeast-asia-expansion-sources-idUSKCN1LX0UC?feedType=RSS&amp;feedName=technologyNews","article_id":"aHR0cHMvd3d3LnJldXRlcnMuY29tL2FydGljbGUvdXMtZ29qZWstZnVuZGluZy9nby1qZWstYWltcy10by1yYWlzZS0yLWJpbGxpb24tZm9yLXNvdXRoZWFzdC1hc2lhLWV4cGFuc2lvbi1zb3VyY2VzLWlkVVNLQ04xTFgwVUM=","keywords":["investors","billion","indonesia","asia","raise","sources","gojek","funding","southeast","jdcom","ridehailing","aims","million","expansion","online"],"publish_date":"2018-09-17T09:11:19+00:00"}
{"url":"https://www.reuters.com/article/us-meituan-ipo/as-its-trading-debut-looms-chinas-meituan-locked-in-battle-of-super-apps-idUSKCN1LX01X?feedType=RSS&amp;feedName=technologyNews","article_id":"aHR0cHMvd3d3LnJldXRlcnMuY29tL2FydGljbGUvdXMtbWVpdHVhbi1pcG8vYXMtaXRzLXRyYWRpbmctZGVidXQtbG9vbXMtY2hpbmFzLW1laXR1YW4tbG9ja2VkLWluLWJhdHRsZS1vZi1zdXBlci1hcHBzLWlkVVNLQ04xTFgwMVg=","keywords":["platform","billion","services","meituan","market","dianping","locked","users","debut","battle","eleme","looms","food","chinas","trading","superapps"],"publish_date":"2018-09-17T06:27:48+00:00"}
{"url":"https://www.reuters.com/article/us-tesla-musk/tesla-to-bring-most-collision-repairs-in-house-musk-idUSKCN1LW0QK?feedType=RSS&amp;feedName=technologyNews","article_id":"aHR0cHMvd3d3LnJldXRlcnMuY29tL2FydGljbGUvdXMtdGVzbGEtbXVzay90ZXNsYS10by1icmluZy1tb3N0LWNvbGxpc2lvbi1yZXBhaXJzLWluLWhvdXNlLW11c2staWRVU0tDTjFMVzBRSw==","keywords":["parts","elon","musk","inhouse","bring","collision","vehicles","wait","repairs","true","tweeted","times","tesla"],"publish_date":"2018-09-17T02:21:15+00:00"}
{"url":"https://www.reuters.com/article/us-tesla-fire/fire-contained-at-tesla-gigafactory-in-nevada-idUSKCN1LW0Q2?feedType=RSS&amp;feedName=technologyNews","article_id":"aHR0cHMvd3d3LnJldXRlcnMuY29tL2FydGljbGUvdXMtdGVzbGEtZmlyZS9maXJlLWNvbnRhaW5lZC1hdC10ZXNsYS1naWdhZmFjdG9yeS1pbi1uZXZhZGEtaWRVU0tDTjFMVzBRMg==","keywords":["nevada","company","produce","model","gigafactory","injuries","spokesperson","contained","factory","pdt","production","tesla"],"publish_date":"2018-09-16T20:19:43+00:00"}
{"url":"https://www.reuters.com/article/us-twitter-iran-zarif/iran-says-twitter-shut-legitimate-accounts-but-not-anti-government-ones-idUSKCN1LW0PE?feedType=RSS&amp;feedName=technologyNews","article_id":"aHR0cHMvd3d3LnJldXRlcnMuY29tL2FydGljbGUvdXMtdHdpdHRlci1pcmFuLXphcmlmL2lyYW4tc2F5cy10d2l0dGVyLXNodXQtbGVnaXRpbWF0ZS1hY2NvdW50cy1idXQtbm90LWFudGktZ292ZXJubWVudC1vbmVzLWlkVVNLQ04xTFcwUEU=","keywords":["real","united","york","accused","iran","twitter","foreign","legitimate","accounts","iranians","media","ones","shut","zarif","antigovernment"],"publish_date":"2018-09-16T19:53:02+00:00"}
{"url":"https://www.reuters.com/article/us-kleiner-marymeeker/kleiner-partner-mary-meeker-leaving-to-start-her-own-venture-firm-idUSKCN1LV00Z?feedType=RSS&amp;feedName=technologyNews","article_id":"aHR0cHMvd3d3LnJldXRlcnMuY29tL2FydGljbGUvdXMta2xlaW5lci1tYXJ5bWVla2VyL2tsZWluZXItcGFydG5lci1tYXJ5LW1lZWtlci1sZWF2aW5nLXRvLXN0YXJ0LWhlci1vd24tdmVudHVyZS1maXJtLWlkVVNLQ04xTFYwMFo=","keywords":["report","mary","firms","partner","firm","trends","growth","leaving","separate","start","kleiner","meeker","venture","perkins"],"publish_date":"2018-09-15T00:47:42+00:00"}
{"url":"https://www.reuters.com/article/us-cryptocurrencies-tezos/cryptocurrency-project-tezos-to-launch-main-network-next-week-idUSKCN1LU2EV?feedType=RSS&amp;feedName=technologyNews","article_id":"aHR0cHMvd3d3LnJldXRlcnMuY29tL2FydGljbGUvdXMtY3J5cHRvY3VycmVuY2llcy10ZXpvcy9jcnlwdG9jdXJyZW5jeS1wcm9qZWN0LXRlem9zLXRvLWxhdW5jaC1tYWluLW5ldHdvcmstbmV4dC13ZWVrLWlkVVNLQ04xTFUyRVY=","keywords":["united","tezos","launch","foundation","week","version","cryptocurrency","states","breitman","network","securities","main","project"],"publish_date":"2018-09-14T18:45:40+00:00"}
{"url":"https://www.reuters.com/article/us-sprint-m-a-t-mobile-us/u-s-union-urges-states-to-look-into-t-mobile-purchase-of-sprint-idUSKCN1LU2G1?feedType=RSS&amp;feedName=technologyNews","article_id":"aHR0cHMvd3d3LnJldXRlcnMuY29tL2FydGljbGUvdXMtc3ByaW50LW0tYS10LW1vYmlsZS11cy91LXMtdW5pb24tdXJnZXMtc3RhdGVzLXRvLWxvb2staW50by10LW1vYmlsZS1wdXJjaGFzZS1vZi1zcHJpbnQtaWRVU0tDTjFMVTJHMQ==","keywords":["wireless","proposed","york","job","general","cwa","states","urges","look","attorneys","union","state","sprint","deal","purchase","tmobile"],"publish_date":"2018-09-14T17:32:59+00:00"}
{"url":"https://www.reuters.com/article/us-usa-treasury-fintech-lawsuit/new-york-sues-u-s-to-stop-fintech-bank-charters-idUSKCN1LU21O?feedType=RSS&amp;feedName=technologyNews","article_id":"aHR0cHMvd3d3LnJldXRlcnMuY29tL2FydGljbGUvdXMtdXNhLXRyZWFzdXJ5LWZpbnRlY2gtbGF3c3VpdC9uZXcteW9yay1zdWVzLXUtcy10by1zdG9wLWZpbnRlY2gtYmFuay1jaGFydGVycy1pZFVTS0NOMUxVMjFP","keywords":["bank","york","services","financial","vullo","firms","companies","national","sues","state","stop","charters","fintech"],"publish_date":"2018-09-14T16:28:56+00:00"}